equity_ticker,content_type,1993,1994,1995,1996,1997,1998,1999,2000,2001,2002,2003,2004,2005,2006,2007,2008,2009,2010,2011,2012,2013,2014,2015,2016,2017,2018,2019,2020,2021,2022,2023,2024,2025
GIS,quarterly_report,0,2,3,3,4,4,0,4,3,3,3,3,3,3,3,3,3,3,3,3,3,3,3,3,3,3,3,3,3,3,3,3,3
GIS,annual_report,0,0,1,1,0,0,0,0,1,1,1,1,1,1,1,1,1,1,1,1,1,1,1,1,1,1,1,1,1,1,1,1,0
GIS,earnings_transcript,0,0,0,0,0,0,0,0,0,0,0,0,0,0,0,4,4,4,4,4,4,4,4,4,4,4,4,4,4,4,4,4,3
GIS,earnings_press_release,0,0,0,0,0,0,0,0,0,0,0,0,0,0,0,0,0,0,0,0,0,0,0,0,0,4,3,4,4,4,4,1,2
GIS,earnings_presentation,0,0,0,0,0,0,0,0,0,0,0,0,0,0,0,0,0,0,0,0,0,0,0,0,0,4,3,4,3,0,1,0,2
CAG,quarterly_report,1,3,3,3,3,3,0,4,3,3,3,3,3,3,3,3,3,3,3,3,2,3,3,3,2,3,3,3,3,3,3,3,3
CAG,annual_report,0,1,1,1,1,1,0,0,1,1,1,1,1,1,1,1,1,1,1,1,1,1,1,1,1,1,1,1,1,1,1,1,0
CAG,earnings_transcript,0,0,0,0,0,0,0,0,0,0,0,0,0,0,0,4,3,4,4,4,4,4,4,4,4,4,4,4,4,4,4,4,3
CAG,earnings_press_release,0,0,0,0,0,0,0,0,0,0,0,0,0,0,0,0,0,0,0,0,0,0,0,0,0,0,0,0,3,1,3,3,3
CAG,earnings_presentation,0,0,0,0,0,0,0,0,0,0,0,0,0,0,0,0,0,0,0,0,0,0,0,0,0,0,0,0,4,4,4,4,3
DAR,annual_report,0,0,0,1,0,1,1,2,1,1,0,1,2,1,1,0,1,1,2,1,1,1,1,2,1,1,1,1,1,2,1,1,0
DAR,quarterly_report,0,0,0,2,0,3,3,6,3,3,0,3,6,3,3,0,3,3,6,3,3,0,3,6,3,3,3,0,3,6,3,3,0
DAR,earnings_transcript,0,0,0,0,0,0,0,0,0,0,0,0,0,0,1,0,0,0,1,4,4,4,4,4,4,4,4,4,4,4,4,4,0
DAR,earnings_press_release,0,0,0,0,0,0,0,0,0,0,0,0,0,0,0,0,0,0,0,0,0,0,0,0,0,0,0,0,2,2,4,4,0
DAR,earnings_presentation,0,0,0,0,0,0,0,0,0,0,0,0,0,0,0,0,0,0,0,0,0,0,0,0,0,0,0,0,4,4,4,4,0
WBA,quarterly_report,0,0,0,0,0,0,0,0,0,0,0,0,0,0,0,0,0,0,0,0,0,0,3,3,3,3,3,3,3,3,3,3,2
WBA,annual_report,0,0,0,0,0,0,0,0,0,0,0,0,0,0,0,0,0,0,0,0,0,0,1,1,1,1,1,1,1,1,1,1,0
WBA,earnings_transcript,0,0,0,0,0,0,0,0,0,0,0,0,0,1,4,4,4,4,4,4,4,4,4,4,4,4,3,4,4,4,4,4,1
WBA,earnings_press_release,0,0,0,0,0,0,0,0,0,0,0,0,0,0,0,0,0,0,0,0,0,0,0,0,0,4,3,4,3,4,3,4,1
WBA,earnings_presentation,0,0,0,0,0,0,0,0,0,0,0,0,0,0,0,0,0,0,0,0,0,0,0,0,0,4,3,4,2,4,4,4,1
PFGC,quarterly_report,0,0,0,0,3,3,3,3,3,3,3,3,3,3,3,3,0,0,0,0,0,0,0,3,3,3,3,3,3,3,3,3,2
PFGC,annual_report,0,0,0,0,1,1,1,1,1,1,1,1,1,1,1,1,0,0,0,0,0,0,0,1,1,1,1,1,1,1,1,1,0
PFGC,earnings_transcript,0,0,0,0,0,0,0,0,0,0,0,0,0,0,2,3,0,0,0,1,4,3,2,3,4,4,4,4,4,4,4,4,2
PFGC,earnings_press_release,0,0,0,0,0,0,0,0,0,0,0,0,0,0,0,0,0,0,0,0,0,0,0,0,0,0,0,0,1,3,3,4,2
SYY,quarterly_report,0,2,3,3,3,3,3,3,3,3,3,3,3,3,3,3,3,3,3,3,3,3,3,3,3,3,3,3,3,3,3,3,2
SYY,annual_report,0,1,1,1,1,1,1,1,1,1,1,1,1,1,1,1,1,1,1,1,1,1,1,1,1,1,1,1,1,1,1,1,0
SYY,earnings_transcript,0,0,0,0,0,0,0,0,0,0,0,0,0,0,1,4,4,4,4,4,4,4,4,4,4,4,4,4,4,4,4,4,2
SYY,earnings_press_release,0,0,0,0,0,0,0,0,0,0,0,0,0,0,0,0,0,0,0,0,0,0,0,0,0,0,4,4,4,4,4,4,2
SYY,earnings_presentation,0,0,0,0,0,0,0,0,0,0,0,0,0,0,0,0,0,0,0,0,0,0,0,0,0,0,4,4,4,3,3,4,2
OLED,annual_report,0,0,0,0,0,0,0,1,0,1,1,1,2,2,3,1,1,1,1,1,1,1,1,1,1,1,1,1,1,1,1,1,0
OLED,quarterly_report,0,0,0,0,0,0,0,3,4,3,3,3,6,6,5,3,3,3,3,3,3,3,3,3,3,3,3,3,3,3,3,3,0
OLED,earnings_transcript,0,0,0,0,0,0,0,0,0,0,0,0,0,0,1,3,4,4,4,4,4,4,4,4,4,4,4,4,4,4,4,4,0
OLED,earnings_press_release,0,0,0,0,0,0,0,0,0,0,0,0,0,0,0,0,0,0,0,0,0,0,0,0,0,0,0,0,4,4,4,4,0
CLX,quarterly_report,0,2,3,3,3,3,3,3,3,3,2,3,3,3,3,3,3,3,3,3,3,3,3,3,3,3,3,3,3,3,3,3,2
CLX,annual_report,0,1,1,1,1,1,1,1,1,1,2,1,1,1,1,1,1,1,1,1,1,1,1,1,1,1,1,1,1,1,1,1,0
CLX,earnings_transcript,0,0,0,0,0,0,0,0,0,0,0,0,0,0,1,4,4,4,4,4,4,4,4,4,4,4,4,4,4,4,4,4,2
CLX,earnings_press_release,0,0,0,0,0,0,0,0,0,0,0,0,0,0,0,0,0,0,0,0,0,0,0,0,0,0,0,0,1,4,4,4,2
CLX,earnings_presentation,0,0,0,0,0,0,0,0,0,0,0,0,0,0,0,0,0,0,0,0,0,0,0,0,0,0,0,0,2,0,0,0,0
KVUE,annual_report,0,0,0,0,0,0,0,0,0,0,0,0,0,0,0,0,0,0,0,0,0,0,0,0,0,0,0,0,0,0,1,1,0
KVUE,quarterly_report,0,0,0,0,0,0,0,0,0,0,0,0,0,0,0,0,0,0,0,0,0,0,0,0,0,0,0,0,0,0,3,3,0
KVUE,earnings_transcript,0,0,0,0,0,0,0,0,0,0,0,0,0,0,0,0,0,0,0,0,0,0,0,0,0,0,0,0,0,0,3,4,0
KVUE,earnings_press_release,0,0,0,0,0,0,0,0,0,0,0,0,0,0,0,0,0,0,0,0,0,0,0,0,0,0,0,0,0,0,3,4,0
KVUE,earnings_presentation,0,0,0,0,0,0,0,0,0,0,0,0,0,0,0,0,0,0,0,0,0,0,0,0,0,0,0,0,0,0,3,4,0
INGR,annual_report,1,0,1,0,2,2,2,2,2,2,2,2,2,0,1,1,1,1,1,1,1,1,1,1,1,1,1,1,1,1,2,1,0
INGR,quarterly_report,0,3,3,0,6,6,6,6,6,6,6,6,6,4,3,3,3,3,3,3,3,3,3,3,3,3,3,3,3,3,6,3,0
INGR,earnings_transcript,0,0,0,0,0,0,0,0,0,0,0,0,0,0,3,4,2,0,3,4,4,4,4,4,4,4,4,4,4,4,4,4,0
INGR,earnings_press_release,0,0,0,0,0,0,0,0,0,0,0,0,0,0,0,0,0,0,0,0,0,0,0,0,0,0,0,0,1,4,4,4,0
INGR,earnings_presentation,0,0,0,0,0,0,0,0,0,0,0,0,0,0,0,0,0,0,0,0,0,0,0,0,0,0,0,0,1,4,4,4,0
COKE,annual_report,0,1,0,1,1,1,1,1,1,1,1,0,1,2,1,1,0,1,1,2,1,1,0,1,2,1,1,1,1,1,1,1,0
COKE,quarterly_report,0,2,4,3,3,3,3,3,3,3,3,0,3,6,3,3,0,3,3,6,3,3,0,3,6,3,3,3,3,3,3,3,0
K,annual_report,0,1,1,1,0,1,1,1,1,1,1,1,1,1,1,1,1,1,1,1,1,1,1,1,1,1,1,1,1,1,1,1,1
K,quarterly_report,0,2,3,3,4,3,3,3,3,3,3,3,3,3,3,3,3,3,3,3,3,3,3,3,3,3,3,3,3,3,3,3,0
K,earnings_transcript,0,0,0,0,0,0,0,0,0,0,0,0,0,0,4,4,4,4,4,4,4,4,4,4,4,4,4,4,4,4,4,2,0
K,earnings_press_release,0,0,0,0,0,0,0,0,0,0,0,0,0,0,0,0,0,0,0,0,0,0,0,0,0,0,4,4,4,4,4,2,0
K,earnings_presentation,0,0,0,0,0,0,0,0,0,0,0,0,0,0,0,0,0,0,0,0,0,0,0,0,0,0,4,4,4,4,4,2,0
NXPI,annual_report,0,0,0,0,0,0,0,0,0,0,0,0,0,0,0,0,0,0,0,0,0,0,0,0,0,0,1,1,1,1,1,1,0
NXPI,quarterly_report,0,0,0,0,0,0,0,0,0,0,0,0,0,0,0,0,0,0,0,0,0,0,0,0,0,0,1,3,3,3,3,3,0
NXPI,earnings_transcript,0,0,0,0,0,0,0,0,0,0,0,0,0,0,0,0,0,0,0,4,4,4,4,3,0,3,4,1,3,4,4,4,0
NXPI,earnings_press_release,0,0,0,0,0,0,0,0,0,0,0,0,0,0,0,0,0,0,0,0,0,0,0,3,0,3,4,1,2,4,4,4,0
NXPI,earnings_presentation,0,0,0,0,0,0,0,0,0,0,0,0,0,0,0,0,0,0,0,0,0,0,0,3,0,3,4,1,3,4,4,4,0
CVS,annual_report,0,1,1,1,0,0,1,1,1,1,0,1,2,1,1,1,1,1,1,1,1,1,1,1,1,1,1,1,1,1,1,1,0
CVS,quarterly_report,0,1,2,3,4,4,3,3,3,3,0,3,6,3,3,3,3,3,3,3,3,3,3,3,3,3,3,3,3,3,3,3,0
CVS,earnings_transcript,0,0,0,0,0,0,0,0,0,0,0,0,1,4,4,4,4,4,4,4,4,4,4,4,4,4,4,4,4,4,4,4,0
CVS,earnings_press_release,0,0,0,0,0,0,0,0,0,0,0,0,0,0,0,0,0,0,0,0,0,0,0,0,0,4,3,3,4,4,4,4,0
CVS,earnings_presentation,0,0,0,0,0,0,0,0,0,0,0,0,0,0,0,0,0,0,0,0,0,0,0,0,0,4,4,4,4,4,4,4,0
KDP,annual_report,0,0,0,0,0,0,0,0,0,0,0,0,0,0,0,1,1,1,1,1,1,1,1,1,1,1,1,1,1,1,1,1,0
KDP,quarterly_report,0,0,0,0,0,0,0,0,0,0,0,0,0,0,0,3,3,3,3,3,3,3,3,3,3,3,3,3,3,3,3,3,0
KDP,earnings_transcript,0,0,0,0,0,0,0,0,0,0,0,0,0,0,0,0,0,0,0,0,0,0,0,0,0,2,4,4,4,4,4,4,0
KDP,earnings_press_release,0,0,0,0,0,0,0,0,0,0,0,0,0,0,0,0,0,0,0,0,0,0,0,0,0,0,0,0,1,4,4,4,0
CELH,annual_report,0,0,0,0,0,0,0,0,0,0,0,0,0,0,0,0,0,1,0,0,0,0,0,2,1,1,1,1,1,1,1,1,0
CELH,quarterly_report,0,0,0,0,0,0,0,0,0,0,0,0,0,0,0,3,3,3,0,0,0,0,0,2,3,3,3,3,3,3,3,3,0
CELH,earnings_transcript,0,0,0,0,0,0,0,0,0,0,0,0,0,0,0,0,0,2,0,0,0,0,0,2,4,4,4,4,4,4,4,4,0
CELH,earnings_press_release,0,0,0,0,0,0,0,0,0,0,0,0,0,0,0,0,0,0,0,0,0,0,0,1,4,4,1,1,4,4,4,4,0
CELH,earnings_presentation,0,0,0,0,0,0,0,0,0,0,0,0,0,0,0,0,0,0,0,0,0,0,0,0,0,0,0,0,0,0,0,4,0
HRL,quarterly_report,0,2,3,3,3,2,3,3,3,3,3,3,3,3,3,3,3,3,3,3,3,3,3,3,3,3,2,3,3,3,3,3,1
HRL,annual_report,0,0,1,1,1,1,1,1,1,1,1,1,1,1,1,1,1,1,1,1,1,1,1,1,1,1,1,1,1,1,1,1,0
HRL,earnings_transcript,0,0,0,0,0,0,0,0,0,0,0,0,0,0,2,3,4,3,4,4,4,4,4,4,4,4,4,4,4,4,4,4,1
HRL,earnings_press_release,0,0,0,0,0,0,0,0,0,0,0,0,0,0,0,0,0,0,0,0,0,0,0,0,0,0,0,0,3,4,3,4,1
HRL,earnings_presentation,0,0,0,0,0,0,0,0,0,0,0,0,0,0,0,0,0,0,0,0,0,0,0,0,0,0,0,0,0,3,4,4,1
BG,annual_report,0,0,0,0,0,0,0,0,0,0,1,1,1,1,1,1,1,1,1,1,1,1,1,1,1,1,1,1,1,1,1,1,0
BG,quarterly_report,0,0,0,0,0,0,0,0,0,0,0,3,3,3,3,3,3,3,3,3,3,3,3,3,3,3,3,3,3,3,3,3,0
BG,earnings_transcript,0,0,0,0,0,0,0,0,0,0,0,0,0,0,2,4,3,0,3,4,4,4,4,4,4,4,4,4,4,4,4,4,0
BG,earnings_press_release,0,0,0,0,0,0,0,0,0,0,0,0,0,0,0,0,0,0,0,0,0,0,0,0,0,0,4,4,3,2,4,4,0
BG,earnings_presentation,0,0,0,0,0,0,0,0,0,0,0,0,0,0,0,0,0,0,0,0,0,0,0,0,0,0,4,4,4,4,4,4,0
COR,quarterly_report,0,0,0,0,0,0,0,0,1,3,3,3,3,3,3,3,3,3,6,6,6,6,6,6,6,6,6,6,6,3,3,3,1
COR,annual_report,0,0,0,0,0,0,0,0,1,1,1,1,1,1,1,1,1,1,2,2,2,2,3,3,3,2,2,2,2,1,1,1,0
COR,earnings_transcript,0,0,0,0,0,0,0,0,0,0,0,0,0,0,0,0,0,0,0,8,8,8,8,8,8,8,8,8,8,8,8,8,2
COR,earnings_press_release,0,0,0,0,0,0,0,0,0,0,0,0,0,0,0,0,0,0,0,0,0,0,0,0,0,8,8,8,8,8,8,8,2
COR,earnings_presentation,0,0,0,0,0,0,0,0,0,0,0,0,0,0,0,0,0,0,0,0,0,0,0,0,0,8,8,8,8,8,8,8,2
BRBR,quarterly_report,0,0,0,0,0,0,0,0,0,0,0,0,0,0,0,0,0,0,0,0,0,0,0,0,0,0,0,3,3,3,3,3,1
BRBR,annual_report,0,0,0,0,0,0,0,0,0,0,0,0,0,0,0,0,0,0,0,0,0,0,0,0,0,0,0,1,1,1,1,1,0
BRBR,earnings_transcript,0,0,0,0,0,0,0,0,0,0,0,0,0,0,0,0,0,0,0,0,0,0,0,0,0,0,1,4,4,4,4,4,1
BRBR,earnings_press_release,0,0,0,0,0,0,0,0,0,0,0,0,0,0,0,0,0,0,0,0,0,0,0,0,0,0,1,4,3,4,4,4,1
BRBR,earnings_presentation,0,0,0,0,0,0,0,0,0,0,0,0,0,0,0,0,0,0,0,0,0,0,0,0,0,0,0,1,3,4,4,4,1
BFA,earnings_transcript,0,0,0,0,0,0,0,0,0,0,0,0,0,0,0,0,0,0,3,4,4,4,4,4,4,4,4,4,4,4,4,4,3
BFA,earnings_press_release,0,0,0,0,0,0,0,0,0,0,0,0,0,0,0,0,0,0,3,4,3,0,0,0,0,0,0,0,0,0,0,4,3
CPB,quarterly_report,0,1,3,3,4,4,0,4,4,3,3,3,3,3,3,3,3,3,3,3,3,3,3,3,3,3,3,3,3,3,3,3,2
CPB,annual_report,0,0,1,1,0,0,0,0,0,1,1,1,1,1,1,1,1,1,1,1,1,1,1,1,1,1,1,1,1,1,1,1,0
CPB,earnings_transcript,0,0,0,0,0,0,0,0,0,0,0,0,0,0,1,4,3,3,4,4,4,4,4,4,4,4,4,4,4,4,4,4,2
CPB,earnings_press_release,0,0,0,0,0,0,0,0,0,0,0,0,0,0,0,0,0,0,0,0,0,0,4,4,4,4,4,4,4,4,4,4,2
CPB,earnings_presentation,0,0,0,0,0,0,0,0,0,0,0,0,0,0,0,0,0,0,0,0,0,0,4,1,0,4,4,4,4,3,4,4,1
LW,quarterly_report,0,0,0,0,0,0,0,0,0,0,0,0,0,0,0,0,0,0,0,0,0,0,0,0,2,3,3,3,3,3,3,3,3
LW,annual_report,0,0,0,0,0,0,0,0,0,0,0,0,0,0,0,0,0,0,0,0,0,0,0,0,1,1,1,1,1,1,1,1,0
LW,earnings_transcript,0,0,0,0,0,0,0,0,0,0,0,0,0,0,0,0,0,0,0,0,0,0,0,0,3,4,4,4,4,4,4,4,3
LW,earnings_press_release,0,0,0,0,0,0,0,0,0,0,0,0,0,0,0,0,0,0,0,0,0,0,0,0,3,4,4,4,3,2,4,4,3
LW,earnings_presentation,0,0,0,0,0,0,0,0,0,0,0,0,0,0,0,0,0,0,0,0,0,0,0,0,0,1,0,0,0,0,0,0,2
STZ,quarterly_report,0,0,0,0,0,0,0,0,0,3,3,3,3,3,3,3,3,3,3,3,3,3,3,3,3,3,3,3,3,3,3,3,3
STZ,annual_report,0,0,0,0,0,0,0,0,0,1,1,1,1,1,1,1,1,1,1,1,1,1,1,1,1,1,1,1,1,1,1,1,0
STZ,earnings_transcript,0,0,0,0,0,0,0,0,0,0,0,0,0,0,0,3,3,3,3,4,4,4,4,4,4,4,3,4,4,4,4,4,4
STZ,earnings_press_release,0,0,0,0,0,0,0,0,0,0,0,0,0,0,0,0,0,0,0,0,0,0,0,3,4,4,3,3,4,3,3,3,3
STZ,earnings_presentation,0,0,0,0,0,0,0,0,0,0,0,0,0,0,0,0,0,0,0,0,0,0,0,0,0,3,2,0,0,0,2,2,3
MKSI,annual_report,0,0,0,0,0,0,0,1,1,1,1,1,1,1,1,1,1,1,1,1,1,1,1,1,1,1,1,1,1,1,1,1,0
MKSI,quarterly_report,0,0,0,0,0,0,3,3,3,3,3,3,3,3,3,3,3,3,3,3,3,3,3,3,3,3,3,3,3,3,3,3,0
MKSI,earnings_transcript,0,0,0,0,0,0,0,0,0,0,0,0,0,0,1,3,3,3,1,4,4,4,4,4,4,4,4,4,4,4,4,4,0
MKSI,earnings_press_release,0,0,0,0,0,0,0,0,0,0,0,0,0,0,0,0,0,0,0,0,0,0,0,0,0,0,0,0,1,4,4,4,0
MKSI,earnings_presentation,0,0,0,0,0,0,0,0,0,0,0,0,0,0,0,0,0,0,0,0,0,0,0,0,0,0,0,0,1,4,4,4,0
CL,annual_report,1,1,1,1,0,0,0,0,1,1,1,1,1,1,1,1,1,1,1,1,1,1,1,1,1,1,1,1,1,1,1,1,0
CL,quarterly_report,0,3,3,3,0,4,3,4,3,3,3,3,3,3,3,3,3,3,3,3,3,3,3,3,3,3,3,3,3,3,3,3,0
CL,earnings_transcript,0,0,0,0,0,0,0,0,0,0,0,0,1,4,4,4,3,4,4,4,4,4,4,4,4,4,4,3,4,4,4,7,0
CL,earnings_press_release,0,0,0,0,0,0,0,0,0,0,0,0,0,0,0,0,0,0,0,0,0,0,0,0,0,0,1,3,4,4,4,4,0
CL,earnings_presentation,0,0,0,0,0,0,0,0,0,0,0,0,0,0,0,0,0,0,0,0,0,0,0,0,0,0,0,0,1,3,4,4,0
CL,quarterly report,0,0,0,0,0,0,0,0,0,0,0,0,0,0,0,0,0,0,0,0,0,0,0,0,0,0,3,0,0,0,0,0,0
CL,annual report,0,0,0,0,0,0,0,0,0,0,0,0,0,0,0,0,0,0,0,0,0,0,1,1,1,1,0,0,0,0,0,0,0
KMB,earnings_transcript,0,0,0,0,0,0,0,0,0,0,0,0,0,0,6,8,8,8,8,8,8,8,8,8,8,8,8,8,8,8,8,8,0
KMB,earnings_press_release,0,0,0,0,0,0,0,0,0,0,0,0,0,0,0,0,0,0,0,0,0,0,0,0,0,0,0,0,6,8,8,8,0
KMB,earnings_presentation,0,0,0,0,0,0,0,0,0,0,0,0,0,0,0,0,0,0,0,0,0,0,0,0,0,0,0,0,0,0,8,8,0
KMB,quarterly_report,0,3,3,3,3,3,3,3,3,3,3,3,3,3,3,3,3,3,3,3,3,3,3,3,3,3,3,3,4,3,3,3,0
KMB,annual_report,1,1,1,1,1,1,1,1,1,1,1,1,1,1,1,1,1,1,1,1,1,2,2,2,2,2,2,2,1,1,1,1,0
PEP,annual_report,0,1,1,1,1,1,1,1,1,1,1,1,1,1,1,1,1,1,1,1,1,1,1,1,1,1,1,1,1,1,1,1,0
PEP,quarterly_report,0,0,3,3,3,3,3,3,3,3,3,3,3,3,3,3,3,3,3,3,3,3,3,3,3,3,3,3,3,3,3,3,0
PEP,earnings_transcript,0,0,0,0,0,0,0,0,0,0,0,0,0,1,4,4,4,4,4,4,4,4,4,4,4,4,4,4,4,4,4,4,0
PEP,earnings_press_release,0,0,0,0,0,0,0,0,0,0,0,0,0,0,0,0,0,0,0,0,0,0,0,0,0,0,4,4,3,4,4,4,0
CHD,annual_report,0,1,1,1,1,1,1,1,1,1,1,1,1,1,1,1,1,1,1,1,1,1,1,1,1,1,1,1,1,1,1,1,0
CHD,quarterly_report,0,3,3,3,3,3,3,3,3,3,3,3,3,3,3,3,3,3,3,3,3,3,3,3,3,3,3,3,3,3,3,3,0
CHD,earnings_transcript,0,0,0,0,0,0,0,0,0,0,0,0,0,0,3,4,1,0,3,4,4,4,4,4,4,4,4,4,4,4,4,4,1
CHD,earnings_press_release,0,0,0,0,0,0,0,0,0,0,0,0,0,0,0,0,0,0,0,0,0,0,0,0,0,0,0,0,3,3,4,4,0
CHD,earnings_presentation,0,0,0,0,0,0,0,0,0,0,0,0,0,0,0,0,0,0,0,0,0,0,0,0,0,0,0,0,0,1,1,1,0
KHC,annual_report,0,0,0,0,0,0,0,0,0,0,0,0,0,0,0,0,0,0,0,0,0,0,1,2,1,1,1,0,1,1,1,1,0
KHC,quarterly_report,0,0,0,0,0,0,0,0,0,0,0,0,0,0,0,0,0,0,0,0,0,0,0,5,3,3,3,3,3,3,3,3,0
KHC,earnings_transcript,0,0,0,0,0,0,0,0,0,0,0,0,0,0,0,4,3,3,4,3,2,3,3,4,4,4,3,4,4,4,4,4,0
KHC,earnings_press_release,0,0,0,0,0,0,0,0,0,0,0,0,0,0,0,0,0,0,0,0,0,0,0,0,0,4,1,3,4,4,4,4,0
KHC,earnings_presentation,0,0,0,0,0,0,0,0,0,0,0,0,0,0,0,0,0,0,0,0,0,0,0,0,0,4,1,3,1,1,0,2,0
TAP,annual_report,1,1,1,0,0,0,0,0,0,1,2,1,1,1,1,1,1,1,1,1,1,1,1,1,1,1,1,1,1,1,1,1,0
TAP,quarterly_report,0,3,3,0,4,4,4,0,4,3,6,3,3,3,3,3,3,3,3,3,3,3,3,3,3,3,3,3,3,3,3,3,0
TAP,earnings_transcript,0,0,0,0,0,0,0,0,0,0,0,0,0,0,3,4,4,2,4,4,4,4,4,4,4,4,4,4,4,4,4,4,0
TAP,earnings_press_release,0,0,0,0,0,0,0,0,0,0,0,0,0,0,0,0,0,0,0,0,0,0,0,0,0,0,0,1,1,1,4,4,0
TAP,earnings_presentation,0,0,0,0,0,0,0,0,0,0,0,0,0,0,0,0,0,0,0,0,0,0,0,0,0,0,0,3,4,4,4,4,0
CTVA,annual_report,0,0,0,0,0,0,0,0,0,0,0,0,0,0,0,0,0,0,0,0,0,0,0,0,0,0,1,1,1,1,1,1,0
CTVA,quarterly_report,0,0,0,0,0,0,0,0,0,0,0,0,0,0,0,0,0,0,0,0,0,0,0,0,0,0,3,3,3,3,3,3,0
CTVA,earnings_transcript,0,0,0,0,0,0,0,0,0,0,0,0,0,0,0,0,0,0,0,0,0,0,0,0,0,0,3,4,4,4,4,4,0
CTVA,earnings_press_release,0,0,0,0,0,0,0,0,0,0,0,0,0,0,0,0,0,0,0,0,0,0,0,0,0,0,3,4,4,4,4,4,0
CTVA,earnings_presentation,0,0,0,0,0,0,0,0,0,0,0,0,0,0,0,0,0,0,0,0,0,0,0,0,0,0,3,4,4,4,4,4,0
CASY,quarterly_report,0,1,4,3,3,4,4,0,4,3,3,3,3,3,3,3,3,3,3,3,3,3,3,3,3,3,3,3,3,3,3,3,3
CASY,annual_report,0,1,0,1,1,0,0,0,0,1,1,1,1,1,1,1,1,1,1,1,1,1,1,1,1,1,1,1,1,1,1,1,0
CASY,earnings_transcript,0,0,0,0,0,0,0,0,0,0,0,0,0,0,0,2,3,2,0,2,4,4,4,4,4,4,4,4,4,4,4,4,3
CASY,earnings_press_release,0,0,0,0,0,0,0,0,0,0,0,0,0,0,0,0,0,0,0,0,0,0,0,0,0,0,0,0,1,4,4,4,3
CASY,earnings_presentation,0,0,0,0,0,0,0,0,0,0,0,0,0,0,0,0,0,0,0,0,0,0,0,0,0,0,0,0,0,0,0,2,3
MDLZ,annual_report,0,0,0,0,0,0,0,0,1,1,1,1,1,1,1,1,1,1,1,1,1,1,1,1,1,1,1,1,1,1,1,1,0
MDLZ,quarterly_report,0,0,0,0,0,0,0,0,2,3,3,3,3,3,3,3,3,3,3,3,3,3,3,3,3,3,3,3,3,3,3,3,0
MDLZ,earnings_transcript,0,0,0,0,0,0,0,0,0,0,0,0,0,0,3,4,4,4,4,4,4,4,4,4,4,4,4,4,4,4,4,4,0
MDLZ,earnings_press_release,0,0,0,0,0,0,0,0,0,0,0,0,0,0,0,0,0,0,0,0,0,0,4,4,4,4,3,4,3,4,4,4,0
MDLZ,earnings_presentation,0,0,0,0,0,0,0,0,0,0,0,0,0,0,0,0,0,0,0,0,0,0,4,4,4,4,4,4,3,4,4,4,0
MKC,quarterly_report,0,3,3,3,3,3,3,3,3,3,3,3,3,3,3,3,3,3,3,3,3,3,3,3,3,3,3,3,3,3,3,3,1
MKC,annual_report,0,1,1,1,1,1,1,1,1,1,1,1,1,1,1,1,1,1,1,1,1,1,1,1,1,1,1,1,1,1,1,1,0
MKC,earnings_transcript,0,0,0,0,0,0,0,0,0,0,0,0,0,0,2,4,3,4,4,4,4,4,4,4,4,4,4,4,4,4,4,4,1
MKC,earnings_press_release,0,0,0,0,0,0,0,0,0,0,0,0,0,0,0,0,0,0,0,0,0,0,4,4,4,4,4,4,4,3,4,4,1
MKC,earnings_presentation,0,0,0,0,0,0,0,0,0,0,0,0,0,0,0,0,0,0,0,0,0,0,4,4,4,4,4,4,3,3,3,4,1
PG,quarterly_report,0,4,6,6,6,6,6,6,6,6,6,6,6,6,6,6,6,6,6,6,6,6,6,6,6,6,6,6,6,6,6,6,4
PG,annual_report,0,2,2,2,2,2,2,2,2,2,2,2,2,2,2,2,2,2,2,2,2,2,2,2,2,2,2,2,2,2,2,2,0
PG,earnings_transcript,0,0,0,0,0,0,0,0,0,0,0,0,0,6,8,8,8,8,8,8,8,8,8,8,8,8,8,8,8,8,8,8,4
PG,earnings_press_release,0,0,0,0,0,0,0,0,0,0,0,0,0,0,0,0,0,0,0,0,0,0,8,8,2,8,8,8,6,6,6,8,4
PG,earnings_presentation,0,0,0,0,0,0,0,0,0,0,0,0,0,0,0,0,0,0,0,0,0,0,8,8,8,8,8,8,4,6,8,8,4
MNST,annual_report,0,0,0,1,1,1,1,1,1,1,1,1,1,1,1,1,1,1,1,1,1,2,2,2,2,2,1,1,1,1,1,1,0
MNST,quarterly_report,0,0,0,3,3,3,3,3,3,3,3,3,3,3,3,3,3,3,3,3,3,3,3,3,3,3,3,3,3,3,3,3,0
MNST,earnings_transcript,0,0,0,0,0,0,0,0,0,0,0,0,0,0,6,8,6,8,8,8,8,8,8,8,8,8,8,8,8,8,8,8,0
MNST,earnings_press_release,0,0,0,0,0,0,0,0,0,0,0,0,0,0,0,0,0,0,0,0,0,0,0,0,0,0,8,8,8,8,8,8,0
ACI,quarterly_report,0,0,0,0,0,0,0,0,0,0,0,0,0,0,0,0,0,0,0,0,0,0,0,0,0,0,3,3,3,3,3,3,3
ACI,annual_report,0,0,0,0,0,0,0,0,0,0,0,0,0,0,0,0,0,0,0,0,0,0,0,0,0,1,1,1,1,1,1,1,0
ACI,earnings_transcript,0,0,0,0,0,0,0,0,0,0,0,0,0,0,0,0,0,0,0,0,0,0,0,0,0,0,0,4,4,4,1,2,1
ACI,earnings_press_release,0,0,0,0,0,0,0,0,0,0,0,0,0,0,0,0,0,0,0,0,0,0,0,0,0,0,0,0,2,2,1,1,1
ACI,earnings_presentation,0,0,0,0,0,0,0,0,0,0,0,0,0,0,0,0,0,0,0,0,0,0,0,0,0,0,0,0,2,1,0,0,0
ADM,annual_report,0,1,1,1,1,1,1,1,1,1,1,1,1,1,1,1,1,1,1,1,1,1,1,1,1,1,1,1,1,1,1,1,0
ADM,quarterly_report,0,3,3,3,3,3,3,3,3,3,3,3,3,3,3,3,3,3,3,3,3,3,3,3,3,3,3,3,3,3,3,3,0
ADM,earnings_transcript,0,0,0,0,0,0,0,0,0,0,0,0,0,0,1,4,3,4,3,3,4,4,4,4,4,4,4,4,4,4,4,4,0
ADM,earnings_press_release,0,0,0,0,0,0,0,0,0,0,0,0,0,0,0,0,0,0,0,0,0,0,4,4,4,4,1,1,1,1,4,4,0
ADM,earnings_presentation,0,0,0,0,0,0,0,0,0,0,0,0,0,0,0,0,0,0,0,0,0,0,4,4,4,4,4,4,0,2,3,4,0
PM,annual_report,0,0,0,0,0,0,0,0,0,0,0,0,0,0,0,1,1,1,1,1,1,1,1,1,1,1,1,1,1,1,1,1,0
PM,quarterly_report,0,0,0,0,0,0,0,0,0,0,0,0,0,0,0,3,3,3,3,3,3,3,3,3,3,3,3,3,3,3,3,3,0
PM,earnings_transcript,0,0,0,0,0,0,0,0,0,0,0,0,0,0,0,4,3,3,4,4,4,4,4,4,4,4,4,4,4,4,4,4,0
PM,earnings_press_release,0,0,0,0,0,0,0,0,0,0,0,0,0,0,0,0,0,0,0,0,0,0,0,0,0,0,4,4,3,3,4,4,0
PM,earnings_presentation,0,0,0,0,0,0,0,0,0,0,0,0,0,0,0,0,0,0,0,0,0,0,0,0,0,0,4,2,4,2,1,2,0
HSY,annual_report,0,1,1,1,1,1,1,1,0,0,2,1,1,1,1,1,1,1,1,1,1,1,1,1,1,1,1,1,1,1,1,1,0
HSY,quarterly_report,0,2,3,3,3,3,3,3,4,0,6,3,3,3,3,3,3,3,3,3,3,3,3,3,3,3,3,3,3,3,3,3,0
HSY,earnings_transcript,0,0,0,0,0,0,0,0,0,0,0,0,0,0,3,4,4,4,4,4,4,4,4,4,4,4,4,4,4,4,4,4,0
HSY,earnings_press_release,0,0,0,0,0,0,0,0,0,0,0,0,0,0,0,0,0,0,0,0,0,0,0,0,0,4,4,1,1,4,4,4,0
HSY,earnings_presentation,0,0,0,0,0,0,0,0,0,0,0,0,0,0,0,0,0,0,0,0,0,0,0,0,0,0,0,0,1,0,0,0,0
MO,annual_report,0,1,1,1,0,0,1,0,0,1,1,1,1,1,1,1,1,1,1,1,1,1,1,1,1,1,1,1,1,1,1,1,0
MO,quarterly_report,0,3,3,3,0,4,3,4,4,3,3,3,3,3,3,3,3,3,3,3,3,3,3,3,3,3,3,3,3,3,3,3,0
MO,earnings_transcript,0,0,0,0,0,0,0,0,0,0,0,0,0,1,3,4,4,4,4,4,4,4,4,4,4,3,4,4,4,4,4,4,0
MO,earnings_press_release,0,0,0,0,0,0,0,0,0,0,0,0,0,0,0,0,0,4,4,4,4,4,4,4,4,3,4,4,3,4,4,4,0
MO,earnings_presentation,0,0,0,0,0,0,0,0,0,0,0,0,0,0,0,0,0,0,0,0,0,0,0,0,0,1,4,4,4,3,3,4,0
SJM,quarterly_report,0,1,3,4,4,3,0,4,3,3,3,3,3,3,3,3,3,3,3,3,3,3,3,3,3,3,3,3,3,3,3,3,3
SJM,annual_report,0,1,1,0,0,1,0,0,1,1,1,1,1,1,1,1,1,1,1,1,1,1,1,1,1,1,1,1,1,1,1,1,0
SJM,earnings_transcript,0,0,0,0,0,0,0,0,0,0,0,0,0,0,0,4,4,3,4,4,4,4,4,4,4,4,4,4,4,4,4,4,3
SJM,earnings_press_release,0,0,0,0,0,0,0,0,0,0,0,0,0,0,0,0,0,0,0,0,0,0,0,0,0,0,0,0,1,2,4,4,3
SJM,earnings_presentation,0,0,0,0,0,0,0,0,0,0,0,0,0,0,0,0,0,0,0,0,0,0,0,0,0,0,0,0,0,4,4,4,3
SAM,annual_report,0,0,0,0,1,1,1,1,0,1,1,1,1,1,1,1,1,1,1,1,1,1,1,1,1,1,1,1,1,1,1,1,0
SAM,quarterly_report,0,0,0,0,3,3,3,3,4,3,3,3,3,3,3,3,3,3,3,3,3,3,3,3,3,3,3,3,3,3,3,3,0
SAM,earnings_transcript,0,0,0,0,0,0,0,0,0,0,0,0,0,0,2,3,0,2,1,4,4,4,4,4,4,4,4,4,4,4,4,4,0
SAM,earnings_press_release,0,0,0,0,0,0,0,0,0,0,0,0,0,0,0,0,0,0,0,0,0,0,0,0,0,0,0,0,2,4,4,4,0
MU,quarterly_report,0,1,3,3,3,4,3,3,3,3,3,3,3,3,3,3,3,3,3,3,3,3,3,3,3,3,3,3,3,3,3,3,2
MU,annual_report,0,0,1,1,1,0,1,1,1,1,1,1,1,1,1,1,1,1,1,1,1,1,1,1,1,1,1,1,1,1,1,1,0
MU,earnings_transcript,0,0,0,0,0,0,0,0,0,0,0,0,0,4,3,4,3,4,4,4,4,4,4,4,4,4,4,4,4,4,4,4,2
MU,earnings_press_release,0,0,0,0,0,0,0,0,0,0,0,0,0,0,0,0,0,2,4,4,4,4,4,4,4,4,4,4,3,4,4,4,2
MU,earnings_presentation,0,0,0,0,0,0,0,0,0,0,0,0,0,0,0,0,0,1,4,4,4,4,4,4,4,4,4,4,3,4,4,3,2
MCK,quarterly_report,0,0,3,3,3,4,0,3,3,3,3,3,3,3,3,3,3,3,3,3,3,3,3,3,3,3,3,3,3,3,3,3,3
MCK,annual_report,0,0,0,1,1,0,0,1,1,1,1,1,1,1,1,1,1,1,1,1,1,1,1,1,1,1,1,1,1,1,1,1,0
MCK,earnings_transcript,0,0,0,0,0,0,0,0,0,0,0,0,0,0,0,4,3,4,4,4,4,4,4,4,4,4,4,4,4,4,4,4,3
MCK,earnings_press_release,0,0,0,0,0,0,0,0,0,0,0,0,0,0,0,0,0,0,0,0,0,0,0,0,0,4,4,4,4,4,3,4,3
MCK,earnings_presentation,0,0,0,0,0,0,0,0,0,0,0,0,0,0,0,0,0,0,0,0,0,0,0,0,0,1,4,4,4,3,0,4,2
BFB,earnings_transcript,0,0,0,0,0,0,0,0,0,0,0,0,0,0,0,0,0,1,4,4,4,4,4,4,4,4,4,4,4,4,4,4,3
BFB,earnings_press_release,0,0,0,0,0,0,0,0,0,0,0,0,0,0,0,0,0,0,0,0,0,0,0,0,0,0,0,0,0,0,0,4,3
IFF,annual_report,0,1,1,1,1,1,1,1,1,1,1,1,1,1,1,1,1,1,1,1,1,1,1,1,1,1,1,1,1,1,1,1,0
IFF,quarterly_report,0,3,3,3,3,3,3,3,3,3,3,3,3,3,3,3,3,3,3,3,3,3,3,3,3,3,3,3,3,3,3,3,0
IFF,earnings_transcript,0,0,0,0,0,0,0,0,0,0,0,0,0,0,3,4,4,3,4,4,4,4,3,4,4,4,4,3,4,4,4,4,0
IFF,earnings_press_release,0,0,0,0,0,0,0,0,0,0,0,0,0,0,0,0,0,0,0,0,0,0,0,0,0,3,4,3,2,3,4,4,0
IFF,earnings_presentation,0,0,0,0,0,0,0,0,0,0,0,0,0,0,0,0,0,0,0,0,0,0,0,0,0,4,4,3,3,3,4,4,0
KO,annual_report,0,1,0,0,1,1,1,1,1,1,1,1,1,1,1,1,1,1,1,1,1,1,1,1,1,1,1,1,1,1,1,1,0
KO,quarterly_report,0,0,4,4,3,3,3,3,3,3,3,3,3,3,3,3,3,3,3,3,3,3,3,3,3,3,3,3,3,3,3,3,0
KO,earnings_transcript,0,0,0,0,0,0,0,0,0,0,0,0,0,2,3,4,4,4,4,4,2,3,4,4,4,3,4,3,4,4,4,4,0
KO,earnings_press_release,0,0,0,0,0,0,0,0,0,0,0,0,0,0,0,0,0,0,0,0,0,0,8,8,5,3,4,6,5,8,8,8,0
TSN,quarterly_report,0,3,4,0,4,4,3,3,3,3,3,3,3,3,3,3,3,3,3,3,3,3,3,3,3,3,3,3,3,3,3,3,1
TSN,annual_report,0,1,0,0,0,0,1,1,1,1,1,1,1,1,1,1,1,1,1,1,1,1,1,1,1,1,1,1,1,1,1,1,0
TSN,earnings_transcript,0,0,0,0,0,0,0,0,0,0,0,0,0,1,2,4,4,2,4,4,4,4,4,4,4,4,4,4,4,4,4,4,1
TSN,earnings_press_release,0,0,0,0,0,0,0,0,0,0,0,0,0,0,0,0,0,0,0,0,0,0,0,0,0,0,0,0,3,3,4,4,1
TSN,earnings_presentation,0,0,0,0,0,0,0,0,0,0,0,0,0,0,0,0,0,0,0,0,0,0,0,0,0,0,0,0,2,4,4,4,1
KLAC,quarterly_report,0,2,3,3,3,3,3,3,3,3,3,3,3,3,3,3,3,3,3,3,3,3,3,3,3,3,3,3,3,3,3,3,2
KLAC,annual_report,0,1,1,1,1,1,1,1,1,1,1,1,1,1,1,1,1,1,1,1,1,1,1,1,1,1,1,1,1,1,1,1,0
KLAC,earnings_transcript,0,0,0,0,0,0,0,0,0,0,0,0,0,3,4,4,4,4,3,4,4,4,4,1,4,4,4,4,4,4,4,4,2
KLAC,earnings_press_release,0,0,0,0,0,0,0,0,0,0,0,0,0,0,0,0,0,0,0,0,0,0,4,1,4,4,2,1,1,4,3,4,2
KLAC,earnings_presentation,0,0,0,0,0,0,0,0,0,0,0,0,0,0,0,0,0,0,0,0,0,0,4,1,4,4,4,4,4,4,4,4,2
KR,annual_report,0,2,1,1,1,0,1,1,1,1,1,1,1,1,1,1,1,1,1,1,1,1,1,1,1,1,1,1,1,1,1,1,1
KR,quarterly_report,0,3,3,3,3,0,3,3,3,3,3,3,3,3,3,3,3,3,3,3,3,3,3,3,3,3,3,3,3,3,3,3,3
KR,earnings_transcript,0,0,0,0,0,0,0,0,0,0,0,0,2,4,4,4,4,3,3,1,4,3,4,4,4,4,4,4,3,4,4,4,4
KR,earnings_press_release,0,0,0,0,0,0,0,0,0,0,0,0,0,0,0,0,0,0,0,0,0,0,0,0,0,0,0,0,0,2,1,4,4
KR,earnings_presentation,0,0,0,0,0,0,0,0,0,0,0,0,0,0,0,0,0,0,0,0,0,0,0,0,0,0,0,0,0,4,4,4,4
POST,quarterly_report,0,0,0,0,0,0,0,0,0,0,0,0,0,0,0,0,0,0,0,3,3,3,3,3,3,3,3,3,3,3,3,3,1
POST,annual_report,0,0,0,0,0,0,0,0,0,0,0,0,0,0,0,0,0,0,0,1,1,1,1,1,1,1,1,1,1,1,1,1,0
POST,earnings_transcript,0,0,0,0,0,0,0,0,0,0,0,0,0,0,0,0,0,0,0,0,4,4,4,4,4,4,4,4,4,4,4,4,1
POST,earnings_press_release,0,0,0,0,0,0,0,0,0,0,0,0,0,0,0,0,0,0,0,0,0,0,0,0,0,4,4,4,4,2,4,4,1
POST,earnings_presentation,0,0,0,0,0,0,0,0,0,0,0,0,0,0,0,0,0,0,0,0,0,0,0,0,0,1,0,0,0,0,0,0,0
USFD,annual_report,0,0,0,0,0,0,0,0,0,0,0,0,0,0,0,0,0,0,0,0,0,0,0,1,1,1,1,1,1,2,1,1,0
USFD,quarterly_report,0,0,0,0,0,0,0,0,0,0,0,0,0,0,0,0,0,0,0,0,0,0,0,2,3,3,3,0,3,6,3,3,0
USFD,earnings_transcript,0,0,0,0,0,0,0,0,0,0,0,0,0,0,0,0,0,0,0,0,0,0,0,4,4,4,4,4,4,4,4,4,0
USFD,earnings_press_release,0,0,0,0,0,0,0,0,0,0,0,0,0,0,0,0,0,0,0,0,0,0,0,0,0,0,0,0,3,1,4,4,0
USFD,earnings_presentation,0,0,0,0,0,0,0,0,0,0,0,0,0,0,0,0,0,0,0,0,0,0,0,0,0,0,0,0,2,4,4,4,0
MPWR,annual_report,0,0,0,0,0,1,1,1,0,0,0,1,1,1,1,1,1,1,1,1,1,1,1,1,1,1,1,1,1,1,1,1,0
MPWR,quarterly_report,0,0,0,0,1,3,1,2,0,0,0,0,3,3,3,3,3,3,3,3,3,3,3,3,3,3,3,3,3,3,3,3,0
MPWR,earnings_transcript,0,0,0,0,0,0,0,0,0,0,0,0,0,0,1,3,4,3,1,4,4,4,4,4,4,4,4,4,4,4,4,4,0
MPWR,earnings_press_release,0,0,0,0,0,0,0,0,0,0,0,0,0,0,0,0,0,0,0,0,0,0,0,0,0,3,4,4,4,4,4,4,0
MPWR,earnings_presentation,0,0,0,0,0,0,0,0,0,0,0,0,0,0,0,0,0,0,0,0,0,0,0,0,0,0,0,0,2,0,0,0,0
SWKS,quarterly_report,0,0,2,3,4,4,0,4,3,3,3,3,3,3,3,3,3,3,3,3,3,3,3,3,3,3,3,3,3,3,3,3,2
SWKS,annual_report,0,0,0,1,0,0,0,0,1,1,1,1,1,1,1,1,1,1,1,1,1,1,1,1,1,1,1,1,1,1,1,1,1
SWKS,earnings_transcript,0,0,0,0,0,0,0,0,0,0,0,0,0,0,1,4,4,4,4,4,4,4,4,4,4,4,3,4,4,4,4,4,1
SWKS,earnings_press_release,0,0,0,0,0,0,0,0,0,0,0,0,0,0,0,0,0,0,0,0,0,0,0,0,0,4,1,1,2,3,4,4,0
